<?xml version="1.0" encoding="utf-8"?>
<install version="1.5.2" type="plugin" group="content" method="upgrade">
    <name>Content - PopFeed</name>
    <author>Christopher Mavros</author>
    <creationDate>October 2009</creationDate>
    <copyright>Copyright (C) 2009-2010 Christopher Mavros. All rights reserved.</copyright>
    <license>GNU General Public License</license>
    <authorEmail>mavrosxristoforos@gmail.com</authorEmail>
    <authorUrl>http://www.mavrosxristoforos.com/</authorUrl>
    <version>1.2</version>
    <description>The simplest Plugin that popups a form to submit feedback.</description>
    <files>        
        <filename plugin="popfeed">popfeed.php</filename>
        <folder>popfeed</folder>
    </files>
    <params>
        <param name="auto_all"
        type="radio"
        default="0"
        label="Auto PopFeed"
        description="This is an option to automatically include PopFeed in every article. If this is No, to include PopFeed in an article you write {popfeed}Leave your Feedback (or whatever else text in here){/popfeed}">
            <option value="0">No</option>
            <option value="1">Yes</option>
        </param>  
        <param name="auto_all_text"
        type="text"
        default="Leave your Feedback!"
        label="Auto Text"
        description="If Auto PopFeed is on, this is the text that appears in the end of each article." />
        <param name="secids"
        type="text"
        default=""
        label="Auto Sections"
        description="This is an option to include PopFeed, only in articles of the specified sections. Auto PopFeed must be Yes. IDs Example: 1,2,3"/>
        <param name="catids"
        type="text"
        default=""
        label="Auto Categories"
        description="This is an option to include PopFeed, only in articles of the specified categories. Auto PopFeed must be Yes. IDs Example: 1,2,3"/>        

        <param name="email_recipient"
        type="text"
        default="email@email.com"
        label="Email Recipient"
        description="The recipient of the feedback message." />   
        <param name="from_name"
        type="text"
        default="PopFeed"
        label="Mail From Name"
        description="The name of the feedback message's sender" />
        <param name="from_email"
        type="text"
        default="popfeed@yoursite.com"
        label="Mail From Email"
        description="The email of the feedback message's sender" />
        
        <param name="name_label"
        type="text"
        default="Name:"
        label="Name Label"
        description="The label next to the name input." />
        <param name="email_label"
        type="text"
        default="Email:"
        label="Email Label"
        description="The label next to the email input." />
        <param name="subject_label"
        type="text"
        default="Subject:"
        label="Subject Label"
        description="The label next to the subject input." />     
        <param name="message_label"
        type="text"
        default="Message:"
        label="Message Label"
        description="The label next to the message textarea." />             
        <param name="pre_text"
        type="text"
        default="&lt;h2&gt;Leave us Feedback&lt;/h2&gt;&lt;br/&gt;Use the form below to provide us feedback.&lt;br/&gt;Thank you&lt;br/&gt;&lt;br/&gt;"
        label="Form Into Text"
        description="The text displayed before the feedback form. HTML supported" />        
        <param name="button_text"
        type="text"
        default="Submit Feedback"
        label="Button Text"
        description="The text displayed on the feedback form's button" />   
        
        <param name="auto_subject"
        type="radio"
        default="1"
        label="Auto Subject"
        description="This is an option to automatically retrieve the subject from the article's title">
            <option value="0">No</option>
            <option value="1">Yes</option>
        </param>  
        <param name="auto_recipient"
        type="radio"
        default="1"
        label="Auto Recipient"
        description="This is an option to automatically retrieve the email recipient from the article's author">
            <option value="0">No</option>
            <option value="1">Yes</option>
        </param>          
       
        <param name="after_text"
        type="text"
        default="Thank you for your feedback."
        label="Thank you Text"
        description="The text displayed after submitting feedback" />                   
        <param name="error_text"
        type="text"
        default="Your feedback could not be submitted. Please try again."
        label="Error Text"
        description="The text displayed to the user when his feedback fails to be mailed" />   
        <param name="invalid_email"
        type="text"
        default="Submitted email is invalid. Please try again."
        label="Invalid Email Error Message"
        description="The error message when the user submits an invalid email" />    
        
        <param name="@spacer" type="spacer" default="" label="Advanced Options" description=""/>
         
        <param name="exact_url"
        type="radio"
        default="1"
        label="Exact URL"
        description="This is an advanced option about the url retrieval way. If your site is http and your server/host supports https this should be No.">
            <option value="0">No</option>
            <option value="1">Yes</option>
        </param>  
        <param name="disable_https"
        type="radio"
        default="0"
        label="Disable HTTPS"
        description="This is an advanced option about the url retrieval way. Please enable it if PopFeed posts in https and your site is http.">
            <option value="0">No</option>
            <option value="1">Yes</option>
        </param>          
        <param name="fixed_url"
        type="radio"
        default="0"
        label="Fixed URL"
        description="A simple solution for people that want to use PopFeed in an exact page. Change this to Yes and write the URL of PopFeed in the Fixed URL Address parameter">
            <option value="0">No</option>
            <option value="1">Yes</option>        
        </param>        
        <param name="fixed_url_address"
        type="text"
        default=""
        label="Fixed URL Address"
        description="If fixed url is true, this address is used for PopFeed to post the form."/>
    </params>
</install>