<?xml version="1.0" encoding="utf-8"?>
<extension version="1.6.0" client="site" type="plugin" group="content" method="upgrade">
    <name>Content - PopFeed</name>
    <author>Christopher Mavros</author>
    <creationDate>April 2011</creationDate>
    <copyright>Copyright (C) 2011 Christopher Mavros. All rights reserved.</copyright>
    <license>GNU General Public License</license>
    <authorEmail>mavrosxristoforos@gmail.com</authorEmail>
    <authorUrl>http://www.mavrosxristoforos.com/</authorUrl>
<version>1.4.15</version>
    <description>PopFeed - Complete Article Feedback Functionality, popping out of your site!</description>
    <files>        
        <filename plugin="popfeed">popfeed.php</filename>
        <filename>helper.php</filename>
        <folder>tmpl</folder>
        <folder>assets</folder>
    </files>
    <languages folder="language/en-GB">
      <language tag="en-GB">en-GB.plg_content_popfeed.ini</language>
      <language tag="en-GB">en-GB.plg_content_popfeed.sys.ini</language>
    </languages>
    <config><fields name="params">
      <fieldset name="basic">
        <field name="auto_all"
        type="radio"
        default="0"
        label="Auto Include PopFeed"
        description="This is an option to automatically include PopFeed in every article. If this is No, to include PopFeed in an article you write {popfeed}Leave your Feedback (or whatever else text in here){/popfeed}">
            <option value="0">No</option>
            <option value="1">Yes</option>
        </field>
        <field name="auto_recipient"
        type="radio"
        default="1"
        label="Auto Recipient"
        description="This is an option to automatically retrieve the email recipient from the article's author">
            <option value="0">No</option>
            <option value="1">Yes</option>
        </field>
        <field name="email_recipient"
        type="text"
        default="email@email.com"
        label="Email Recipient"
        description="The recipient of the feedback message."/>
      </fieldset>
      <fieldset name="form_options" label="PLG_POPFEED_FORM_FIELDSET_LABEL">
        <field name="popfeed_appearance"
        type="radio" default="0"
        label="PopFeed Form Appearance"
        description="This is an option to set how will the PopFeed form appear.">
            <option value="0">Using jQuery ColorBox Plugin, as a popup in the middle. (default)</option>
            <option value="1">No external libraries. Just popup PopFeed in the middle.</option>
            <option value="2">Using jQuery, sliding below the PopFeed link.</option>
            <option value="3">No external libraries. Just slide PopFeed below the link.</option>
            <option value="4">No external libraries. Form is always visible.</option>
        </field>
        <field name="include_external_libraries"
        type="radio" default="0"
        label="Include JS Libraries"
        description="This is an option to choose whether or not to load external libraries. Please note that this will override any setting in the Form Appearance option, if they do not comply.">
            <option value="0">Load jQuery, and Colorbox.</option>
            <option value="1">Only load jQuery.</option>
            <option value="2">Only load Colorbox.</option>
            <option value="3">No external libraries.</option>
        </field>
        <field name="include_css"
        type="radio" default="1"
        label="Include PopFeed.css file"
        description="This is an option to choose whether or not to load the popfeed.css file.">
            <option value="0">No</option>
            <option value="1">Yes</option>
        </field>
        <field name="pre_text"
        type="textarea" filter="raw"
        default="&lt;h3&gt;What do you think?&lt;/h3&gt;&#10;&lt;p&gt;Send us feedback!&lt;/p&gt;"
        label="Form Pre-Text" rows="5" cols="40"
        description="Some HTML enabled text, shown before the form."/>
        <field name="auto_subject"
        type="radio"
        default="1"
        label="Auto Subject"
        description="This is an option to automatically retrieve the subject from the article's title">
            <option value="0">No</option>
            <option value="1">Yes</option>
        </field>
        <field name="auto_subject_pattern"
        type="text" default="Regarding: %s"
        label="Auto Subject Pattern"
        description="A pattern based on which the subject is pre-filled. Use %s to include the article title."/>
        <field name="use_captcha"
        type="radio"
        default="1"
        label="Use Captcha"
        description="This is an option to choose whether or not to include the site captcha plugin in the form.">
            <option value="0">No</option>
            <option value="1">Yes</option>
        </field>
      </fieldset>
      <fieldset name="filters" label="PLG_POPFEED_FILTERS_FIELDSET_LABEL">
        <field name="show_in_frontpage"
        type="radio"
        default="0"
        label="Show in Frontpage"
        description="This is an option to show in the front-page articles, or not.">
            <option value="0">No</option>
            <option value="1">Yes</option>
        </field>
        <field name="show_in_blog"
        type="radio"
        default="0"
        label="Show in Blog Layout"
        description="This is an option to show in blog layout articles, or not.">
            <option value="0">No</option>
            <option value="1">Yes</option>
        </field>
        <field name="catids"
        type="text"
        default=""
        label="Filter Categories"
        description="This is an option to include PopFeed, only in articles of the specified category IDs. Example: 1,2,3"/>
        <field name="excluded_ids"
        type="text" default=""
        label="Exclude IDs"
        description="Use this option if you want to exclude PopFeed from some article IDs. Example: 1,2,3"/>
        
      </fieldset>
      <fieldset name="advanced">
        <field name="htmlentities_in_email"
        type="radio"
	default="0"
	label="HTML Entities in Email"
	description="Whether or not you want to apply the HTML Entities PHP Filter in the message, before sending.">
	  <option value="0">No</option>
	  <option value="1">Yes</option>
        </field>
        <field name="fixed_url"
        type="radio"
        default="0"
        label="Fixed URL"
        description="A simple solution for people that want to use PopFeed in an exact page. Change this to Yes and write the URL of PopFeed in the Fixed URL Address parameter">
            <option value="0">No</option>
            <option value="1">Yes</option>        
        </field>
        <field name="fixed_url_address"
        type="text"
        default=""
        label="Fixed URL Address"
        description="If fixed url is true, this address is used for PopFeed to post the form."/>
      </fieldset>
    </fields></config>
</extension>
